region ,lat,long,hv001,urban,trans_intens,svy_cluster,svy_class,
Huye,-2.505926,29.712786,1,0,low,included,low_included,
Gatsibo,-1.844667,30.310508,2,0,low,included,low_included,
Ngororero,-1.841935,29.574756,3,0,low,included,low_included,
Kirehe,-2.348161,30.463639,4,0,high,included,high_included,
Bugesera,-2.211301,30.161839,5,0,low,included,low_included,
Kicukiro,-2.02381,30.104405,6,1,low,included,low_included,
Gakenke,-1.691705,29.843228,7,0,low,included,low_included,
Rulindo,-1.799653,30.04251,8,0,low,included,low_included,
Kicukiro,-1.987734,30.120384,9,1,low,included,low_included,
Rwamagana,-1.961751,30.445645,10,1,low,included,low_included,
Kayonza,-1.917327,30.489359,11,0,low,included,low_included,
Ruhango,-2.208825,29.764904,12,0,low,included,low_included,
Karongi,-2.264231,29.424476,13,0,low,included,low_included,
Ngororero,-2.051454,29.597128,14,0,low,included,low_included,
Ngororero,-1.844974,29.628434,15,1,low,included,low_included,
Kirehe,-2.104671,30.771625,16,0,high,included,high_included,
Ruhango,-2.108708,29.865992,17,0,high,included,high_included,
Nyabihu,-1.635183,29.465053,18,1,low,included,low_included,
Bugesera,-2.257841,29.981337,19,0,high,included,high_included,
Nyanza,-2.333151,29.679546,20,0,low,included,low_included,
Karongi,-2.167012,29.469166,21,0,low,included,low_included,
Nyanza,-2.326207,29.809578,22,0,low,included,low_included,
Kicukiro,-2.016238,30.067353,23,0,low,included,low_included,
Rubavu,-1.617875,29.305374,24,0,low,included,low_included,
Burera,-1.405256,29.8398,25,1,low,included,low_included,
Nyagatare,-1.434807,30.444111,26,0,low,included,low_included,
Rubavu,-1.719103,29.289509,27,0,low,included,low_included,
Nyabihu,-1.615255,29.614663,28,0,low,included,low_included,
Nyarugenge,-1.945378,30.061477,29,1,low,included,low_included,
Gatsibo,-1.702326,30.42992,30,0,low,included,low_included,
Ngororero,-1.931292,29.579161,31,0,low,included,low_included,
Gicumbi,-1.775652,30.243992,32,0,low,included,low_included,
Rwamagana,-1.863723,30.278094,33,0,low,included,low_included,
Rubavu,-1.571128,29.391049,34,0,low,included,low_included,
Ngoma,-2.281268,30.542436,35,0,low,included,low_included,
Nyagatare,-1.286044,30.354774,36,1,low,included,low_included,
Huye,-2.571178,29.734052,37,0,low,included,low_included,
Nyagatare,-1.209514,30.398644,38,0,low,included,low_included,
Nyagatare,-1.344389,30.247583,39,0,low,included,low_included,
Nyaruguru,-2.697863,29.639986,40,0,low,included,low_included,
Karongi,-2.15506,29.588813,41,0,high,included,high_included,
Ngoma,-2.161815,30.54885,42,1,low,included,low_included,
Nyaruguru,-2.697378,29.474576,43,0,low,included,low_included,
Rulindo,-1.910079,29.98129,44,0,low,included,low_included,
Gicumbi,-1.662699,30.126567,45,0,low,not included,low_not included,
Kicukiro,-1.9786,30.106812,46,1,low,included,low_included,
Nyaruguru,-2.744918,29.502558,47,0,low,included,low_included,
Muhanga,-1.884861,29.690426,48,0,low,included,low_included,
Rutsiro,-1.968936,29.392029,49,1,low,included,low_included,
Gicumbi,-1.438095,30.02449,50,0,low,included,low_included,
Gatsibo,-1.539527,30.226956,51,0,low,included,low_included,
Gasabo,-1.92953,30.2222,52,0,low,included,low_included,
Ruhango,-2.23792,29.788568,53,1,low,included,low_included,
Nyaruguru,-2.679462,29.574339,54,0,low,included,low_included,
Kayonza,-2.007814,30.554202,55,1,low,included,low_included,
Nyarugenge,-1.978555,30.02405,56,0,low,included,low_included,
Gasabo,-1.930018,30.100624,57,1,low,included,low_included,
Burera,-1.436482,29.698946,58,0,low,included,low_included,
Kayonza,-2.089923,30.599301,59,0,low,included,low_included,
Rubavu,-1.680772,29.25918,60,0,low,included,low_included,
Bugesera,-2.064836,30.188284,61,1,high,included,high_included,
Rulindo,-1.785416,30.090131,62,0,low,included,low_included,
Nyagatare,-1.433634,30.175425,63,0,low,included,low_included,
Nyagatare,-1.120678,30.355094,64,0,low,included,low_included,
Kirehe,-2.275476,30.640882,65,0,high,included,high_included,
Gakenke,-1.601867,29.636217,66,0,low,included,low_included,
Rubavu,-1.690447,29.300285,67,0,low,included,low_included,
Gicumbi,-1.604838,30.111524,68,0,low,included,low_included,
Nyaruguru,-2.647015,29.465716,69,0,low,included,low_included,
Kicukiro,-2.0022,30.17781,70,1,low,included,low_included,
Burera,-1.487736,29.910394,71,0,low,included,low_included,
Rubavu,-1.664011,29.254633,72,1,low,included,low_included,
Rubavu,-1.636858,29.396307,73,0,low,included,low_included,
Gakenke,-1.711657,29.752612,74,0,low,not included,low_not included,
Nyanza,-2.272171,29.646492,75,0,low,included,low_included,
Kicukiro,-2.026244,30.19429,76,0,low,included,low_included,
Ngororero,-1.829837,29.490725,77,0,low,included,low_included,
Rutsiro,-2.025115,29.486092,78,0,low,not included,low_not included,
Ruhango,-2.237386,29.713968,79,0,low,included,low_included,
Gasabo,-1.941057,30.04028,80,1,low,included,low_included,
Nyamasheke,-2.298848,29.132339,81,0,low,not included,low_not included,
Karongi,-2.14608,29.307277,82,0,low,included,low_included,
Nyamagabe,-2.516338,29.479797,83,1,low,included,low_included,
Ngoma,-2.274566,30.383169,84,0,high,included,high_included,
Nyaruguru,-2.784409,29.677393,85,0,low,not included,low_not included,
Rubavu,-1.63888,29.349857,86,0,low,included,low_included,
Kicukiro,-1.971972,30.098522,87,1,low,included,low_included,
Kicukiro,-1.976417,30.133994,88,1,low,included,low_included,
Gisagara,-2.470859,29.851333,89,0,low,included,low_included,
Nyamagabe,-2.336499,29.429548,90,0,low,included,low_included,
Nyanza,-2.358535,29.864332,91,0,high,included,high_included,
Musanze,-1.474729,29.631283,92,1,low,included,low_included,
Gatsibo,-1.62413,30.40242,93,0,low,included,low_included,
Karongi,-2.14412,29.309455,94,0,low,included,low_included,
Ruhango,-2.232386,29.600901,95,0,low,included,low_included,
Ngororero,-1.868567,29.576023,96,0,low,included,low_included,
Nyabihu,-1.651312,29.528091,97,0,low,included,low_included,
Kayonza,-2.003001,30.49806,98,0,low,included,low_included,
Nyarugenge,-1.968695,30.054832,99,1,low,included,low_included,
Karongi,-2.066938,29.336752,100,1,low,included,low_included,
Gisagara,-2.518049,29.933899,101,0,high,included,high_included,
Huye,-2.504546,29.640137,102,0,high,included,high_included,
Kamonyi,-2.011385,29.844218,103,0,low,included,low_included,
Karongi,-2.20354,29.48853,104,0,low,included,low_included,
Huye,-2.566182,29.704808,105,0,low,not included,low_not included,
Nyanza,-2.332798,29.940341,106,0,high,included,high_included,
Gasabo,-1.940034,30.133513,107,1,low,included,low_included,
Kamonyi,-2.11025,29.939522,108,0,low,included,low_included,
Rubavu,-1.725072,29.324783,109,0,low,included,low_included,
Nyagatare,-1.469018,30.252056,110,0,low,included,low_included,
Kicukiro,-1.966516,30.09133,111,1,low,included,low_included,
Gicumbi,-1.759974,30.152358,112,0,low,included,low_included,
Nyaruguru,-2.772474,29.648844,113,0,low,not included,low_not included,
Nyarugenge,-1.955652,30.042366,114,1,low,included,low_included,
Nyabihu,-1.713949,29.531586,115,0,low,included,low_included,
Rutsiro,-1.832171,29.434807,116,0,low,included,low_included,
Nyamasheke,-2.389378,29.149761,117,0,low,included,low_included,
Ruhango,-2.169374,29.759632,118,0,low,included,low_included,
Gatsibo,-1.50138,30.246343,119,0,high,included,high_included,
Gicumbi,-1.747191,30.141292,120,0,low,included,low_included,
Nyarugenge,-1.958718,30.051572,121,1,low,included,low_included,
Gatsibo,-1.613725,30.212814,122,0,low,not included,low_not included,
Huye,-2.618905,29.762302,123,1,low,included,low_included,
Gicumbi,-1.761435,30.17961,124,0,low,included,low_included,
Kirehe,-2.37433,30.607182,125,0,high,included,high_included,
Musanze,-1.507169,29.503296,126,0,low,included,low_included,
Burera,-1.483498,29.841065,127,0,low,included,low_included,
Musanze,-1.51747,29.611371,128,1,low,included,low_included,
Ruhango,-2.205261,29.862763,129,0,low,included,low_included,
Nyaruguru,-2.739568,29.695583,130,0,low,included,low_included,
Kicukiro,-1.981217,30.165695,131,1,low,included,low_included,
Muhanga,-2.000299,29.789275,132,0,low,included,low_included,
Burera,-1.557265,29.783143,133,0,low,included,low_included,
Kicukiro,-1.970023,30.093567,134,1,low,included,low_included,
Gakenke,-1.629759,29.869247,135,0,low,included,low_included,
Rutsiro,-1.896929,29.275099,136,0,low,included,low_included,
Musanze,-1.551371,29.636576,137,0,low,included,low_included,
Rubavu,-1.698503,29.284594,138,1,low,included,low_included,
Gakenke,-1.575655,29.810274,139,0,low,included,low_included,
Nyamagabe,-2.453722,29.434168,140,0,low,included,low_included,
Rubavu,-1.652323,29.36433,141,0,low,not included,low_not included,
Ruhango,-2.271495,29.901861,142,0,low,included,low_included,
Gisagara,-2.751554,29.851646,143,0,low,included,low_included,
Muhanga,-1.795424,29.692458,144,0,low,included,low_included,
Rwamagana,-2.108098,30.297135,145,0,low,included,low_included,
Gasabo,-1.961759,30.213571,146,1,low,included,low_included,
Kayonza,-1.938039,30.479432,147,0,low,included,low_included,
Musanze,-1.590406,29.63391,148,0,low,included,low_included,
Gicumbi,-1.489095,30.056335,149,0,low,included,low_included,
Nyamagabe,-2.465327,29.58678,150,1,low,included,low_included,
Nyamasheke,-2.407732,29.020666,151,0,low,included,low_included,
Gicumbi,-1.640986,29.998341,152,0,low,included,low_included,
Nyabihu,-1.618837,29.505024,153,1,low,included,low_included,
Rutsiro,-1.859167,29.406123,154,0,low,included,low_included,
Bugesera,-2.193662,30.080812,155,0,high,included,high_included,
Rusizi,-2.654687,28.924968,156,0,low,included,low_included,
Musanze,-1.531237,29.740029,157,0,low,included,low_included,
Nyanza,-2.24463,29.746896,158,0,low,included,low_included,
Gicumbi,-1.45695,30.029343,159,0,low,included,low_included,
Nyagatare,-1.286184,30.422536,160,0,low,included,low_included,
Rutsiro,-1.881515,29.279052,161,0,low,included,low_included,
Ngororero,-1.907073,29.638698,162,0,low,included,low_included,
Rulindo,-1.79021,30.101707,163,0,low,included,low_included,
Nyaruguru,-2.801089,29.50525,164,0,low,included,low_included,
Rwamagana,-1.994618,30.268465,165,0,low,included,low_included,
Rwamagana,-1.856346,30.485277,166,0,low,included,low_included,
Nyamasheke,-2.423446,29.062952,167,0,low,included,low_included,
Nyarugenge,-1.945595,30.051546,168,1,low,included,low_included,
Gakenke,-1.842907,29.88316,169,0,low,included,low_included,
Bugesera,-2.206057,30.260507,170,1,high,included,high_included,
Rusizi,-2.431568,28.891085,171,0,low,included,low_included,
Nyagatare,-1.401358,30.303543,172,0,low,included,low_included,
Gasabo,-1.889444,30.085293,173,1,low,included,low_included,
Nyamagabe,-2.391263,29.564191,174,0,high,included,high_included,
Rwamagana,-1.966447,30.425526,175,1,low,included,low_included,
Nyabihu,-1.673175,29.509642,176,0,low,included,low_included,
Rulindo,-1.766773,30.000648,177,0,low,included,low_included,
Ngoma,-2.088688,30.571537,178,0,low,included,low_included,
Ruhango,-2.258853,29.781557,179,0,low,included,low_included,
Ngororero,-1.758878,29.533573,180,0,low,not included,low_not included,
Rusizi,-2.585234,29.115605,181,0,high,included,high_included,
Huye,-2.417732,29.784071,182,0,low,not included,low_not included,
Burera,-1.587435,29.863091,183,0,low,included,low_included,
Ngoma,-2.0845,30.460976,184,0,low,included,low_included,
Rwamagana,-1.915103,30.331687,185,0,low,included,low_included,
Gisagara,-2.625946,29.900058,186,0,low,not included,low_not included,
Nyagatare,-1.443131,30.125212,187,0,low,included,low_included,
Kamonyi,-1.93898,29.940651,188,0,low,included,low_included,
Nyamasheke,-2.364049,29.120697,189,0,low,included,low_included,
Nyamasheke,-2.477517,29.014086,190,0,low,included,low_included,
Gakenke,-1.688207,29.737173,191,0,low,included,low_included,
Kirehe,-2.205332,30.726019,192,0,high,included,high_included,
Nyarugenge,-1.970424,30.061715,193,1,low,included,low_included,
Kayonza,-1.859144,30.561579,194,0,low,included,low_included,
Gasabo,-1.941986,30.114797,195,1,low,included,low_included,
Nyarugenge,-1.969358,30.062108,196,1,low,included,low_included,
Huye,-2.626063,29.746725,197,1,low,included,low_included,
Nyamasheke,-2.30395,29.172068,198,0,low,not included,low_not included,
Rutsiro,-1.987579,29.519922,199,0,low,not included,low_not included,
Kamonyi,-2.094383,29.895806,200,0,high,not included,high_not included,
Nyagatare,-1.488437,30.306796,201,0,low,included,low_included,
Gasabo,-1.931238,30.056356,202,1,low,included,low_included,
Kirehe,-2.339575,30.503666,203,0,high,included,high_included,
Rusizi,-2.61224,29.012976,204,0,low,included,low_included,
Burera,-1.369086,29.771636,205,0,low,included,low_included,
Nyarugenge,-1.941312,30.031191,206,0,low,included,low_included,
Nyamagabe,-2.389658,29.59203,207,0,low,included,low_included,
Nyabihu,-1.655062,29.522168,208,0,low,included,low_included,
Nyamasheke,-2.20256,29.240268,209,0,high,included,high_included,
Kirehe,-2.34002,30.589123,210,0,high,included,high_included,
Ruhango,-2.230327,29.771905,211,1,low,included,low_included,
Kayonza,-2.043251,30.695746,212,0,high,included,high_included,
Nyanza,-2.348406,29.763532,213,1,low,included,low_included,
Kayonza,-2.052363,30.531302,214,0,high,included,high_included,
Karongi,-2.231499,29.369873,215,0,low,included,low_included,
Gakenke,-1.645695,29.793024,216,1,low,included,low_included,
Gicumbi,-1.57991,30.052384,217,1,low,included,low_included,
Kirehe,-2.27678,30.681824,218,1,low,included,low_included,
Nyaruguru,-2.74049,29.544315,219,0,low,included,low_included,
Huye,-2.560491,29.61595,220,0,low,included,low_included,
Gisagara,-2.70017,29.853965,221,0,low,included,low_included,
Nyagatare,-1.333637,30.227766,222,0,low,included,low_included,
Muhanga,-2.078891,29.745513,223,1,low,included,low_included,
Ngoma,-2.265137,30.39404,224,0,high,included,high_included,
Kirehe,-2.276587,30.842081,225,0,high,included,high_included,
Bugesera,-2.30129,30.146783,226,0,high,included,high_included,
Musanze,-1.554082,29.590002,227,0,low,included,low_included,
Bugesera,-2.21096,30.176752,228,0,low,included,low_included,
Gisagara,-2.653152,29.779716,229,0,low,included,low_included,
Kamonyi,-2.09641,29.872981,230,0,low,included,low_included,
Kicukiro,-1.990298,30.086711,231,1,low,included,low_included,
Bugesera,-2.372806,30.112932,232,0,low,included,low_included,
Gatsibo,-1.612097,30.374948,233,1,low,included,low_included,
Gisagara,-2.79132,29.732429,234,0,low,included,low_included,
Gasabo,-1.942919,30.126818,235,1,low,included,low_included,
Muhanga,-1.831909,29.671303,236,0,low,included,low_included,
Ruhango,-2.218304,29.876461,237,0,high,included,high_included,
Ngoma,-2.096534,30.35136,238,0,low,included,low_included,
Gakenke,-1.738335,29.767955,239,0,low,not included,low_not included,
Gicumbi,-1.688328,30.164622,240,0,low,included,low_included,
Rusizi,-2.615362,29.038293,241,0,low,not included,low_not included,
Nyaruguru,-2.776405,29.62248,242,0,low,included,low_included,
Muhanga,-1.816738,29.765742,243,0,low,included,low_included,
Nyarugenge,-1.973543,30.045271,244,1,low,included,low_included,
Karongi,-2.1773,29.475965,245,0,low,included,low_included,
Muhanga,-2.060219,29.73582,246,0,low,included,low_included,
Nyagatare,-1.106774,30.430184,247,1,low,included,low_included,
Gisagara,-2.511229,29.885823,248,0,low,included,low_included,
Rusizi,-2.593244,29.036774,249,0,low,included,low_included,
Rulindo,-1.630496,29.922715,250,0,low,included,low_included,
Gasabo,-1.827734,30.111545,251,0,low,included,low_included,
Kamonyi,-1.970189,29.969923,252,1,low,included,low_included,
Musanze,-1.490586,29.595739,253,0,low,included,low_included,
Kayonza,-1.926002,30.529675,254,0,high,included,high_included,
Burera,-1.433405,29.715125,255,0,low,included,low_included,
Kayonza,-2.083699,30.690963,256,0,low,included,low_included,
Gatsibo,-1.610191,30.508312,257,0,low,included,low_included,
Rusizi,-2.612177,28.979802,258,0,low,not included,low_not included,
Kayonza,-1.896072,30.677144,259,0,low,not included,low_not included,
Gicumbi,-1.57745,30.028006,260,0,low,included,low_included,
Nyamagabe,-2.44566,29.466676,261,0,low,included,low_included,
Karongi,-2.140659,29.416518,262,0,low,included,low_included,
Kirehe,-2.229134,30.776039,263,0,high,included,high_included,
Gasabo,-1.929092,30.059709,264,1,low,included,low_included,
Ngororero,-1.965059,29.603896,265,0,low,included,low_included,
Nyamagabe,-2.440881,29.640475,266,0,high,included,high_included,
Ruhango,-2.198801,29.679653,267,0,low,included,low_included,
Kamonyi,-2.008663,29.987389,268,0,high,included,high_included,
Huye,-2.495297,29.729143,269,0,low,included,low_included,
Gisagara,-2.579987,29.816019,270,0,low,included,low_included,
Kamonyi,-2.107723,29.952609,271,1,low,included,low_included,
Rusizi,-2.425293,28.950955,272,0,low,not included,low_not included,
Karongi,-2.096158,29.343377,273,0,low,included,low_included,
Gicumbi,-1.539396,30.111025,274,0,low,included,low_included,
Nyanza,-2.298607,29.93501,275,0,low,included,low_included,
Kicukiro,-1.998809,30.199179,276,1,low,included,low_included,
Huye,-2.461584,29.663606,277,0,low,not included,low_not included,
Gisagara,-2.507382,29.834172,278,0,high,not included,high_not included,
Rutsiro,-1.78704,29.340547,279,0,low,included,low_included,
Nyamasheke,-2.312315,29.033729,280,0,low,included,low_included,
Nyamasheke,-2.434937,29.232402,281,0,high,included,high_included,
Burera,-1.547727,29.945484,282,0,low,included,low_included,
Ngoma,-2.235873,30.516247,283,0,high,included,high_included,
Karongi,-2.123201,29.44984,284,0,low,not included,low_not included,
Rutsiro,-1.936423,29.484291,285,0,low,included,low_included,
Kirehe,-2.255611,30.605761,286,0,low,included,low_included,
Rutsiro,-1.783194,29.313511,287,1,low,included,low_included,
Gakenke,-1.606729,29.676298,288,0,low,included,low_included,
Gasabo,-1.82782,30.146619,289,0,low,included,low_included,
Rwamagana,-1.917996,30.33127,290,0,low,included,low_included,
Rusizi,-2.422477,28.912426,291,0,low,included,low_included,
Ruhango,-2.159438,29.891122,292,0,low,included,low_included,
Burera,-1.567974,29.989535,293,0,low,included,low_included,
Kayonza,-1.893856,30.49439,294,1,low,included,low_included,
Nyamasheke,-2.374002,29.085815,295,1,low,included,low_included,
Nyamasheke,-2.266193,29.166131,296,0,low,included,low_included,
Kicukiro,-1.990424,30.062693,297,1,low,included,low_included,
Ngoma,-2.083879,30.458942,298,0,low,included,low_included,
Kayonza,-1.795532,30.510394,299,0,low,included,low_included,
Nyagatare,-1.347989,30.165006,300,0,low,included,low_included,
Gakenke,-1.819251,29.852844,301,1,low,included,low_included,
Rubavu,-1.72398,29.260807,302,1,low,included,low_included,
Nyarugenge,-1.956717,30.051997,303,1,low,included,low_included,
Rulindo,-1.608422,29.936308,304,0,low,included,low_included,
Rwamagana,-2.026936,30.375548,305,0,low,included,low_included,
Ngororero,-1.832959,29.549188,306,0,low,included,low_included,
Muhanga,-2.10815,29.74216,307,1,low,included,low_included,
Gasabo,-1.892779,30.0835,308,1,low,included,low_included,
Nyanza,-2.350691,29.683587,309,0,low,included,low_included,
Gasabo,-1.850889,30.202445,310,0,low,included,low_included,
Nyanza,-2.353903,29.749209,311,0,low,not included,low_not included,
Gatsibo,-1.709999,30.285376,312,0,low,included,low_included,
Muhanga,-1.860303,29.796231,313,0,low,included,low_included,
Nyabihu,-1.571579,29.523147,314,0,low,included,low_included,
Huye,-2.654797,29.735426,315,0,low,not included,low_not included,
Nyamagabe,-2.267254,29.505338,316,0,low,included,low_included,
Gisagara,-2.683977,29.921954,317,0,high,included,high_included,
Nyaruguru,-2.772802,29.589046,318,0,low,included,low_included,
Kamonyi,-2.08469,30.001724,319,0,low,included,low_included,
Huye,-2.472437,29.767419,320,0,low,included,low_included,
Gasabo,-1.824979,30.115193,321,0,low,included,low_included,
Nyabihu,-1.522856,29.440278,322,0,low,included,low_included,
Nyamagabe,-2.56388,29.448201,323,0,low,included,low_included,
Rusizi,-2.414556,28.920673,324,0,low,included,low_included,
Gicumbi,-1.582773,30.087687,325,1,low,included,low_included,
Musanze,-1.498441,29.683394,326,0,low,included,low_included,
Kirehe,-2.262515,30.683466,327,1,low,included,low_included,
Kirehe,-2.266786,30.701015,328,0,low,included,low_included,
Gasabo,-1.94029,30.085164,329,1,low,included,low_included,
Nyagatare,-1.476225,30.208417,330,0,low,included,low_included,
Ruhango,-2.121139,29.823347,331,0,low,included,low_included,
Ngororero,-1.835211,29.655214,332,0,low,included,low_included,
Gakenke,-1.643495,29.776279,333,0,low,included,low_included,
Rutsiro,-1.774514,29.333002,334,0,low,included,low_included,
Burera,-1.370981,29.872701,335,0,low,included,low_included,
Nyanza,-2.340991,29.758835,336,1,low,included,low_included,
Huye,-2.622332,29.707564,337,0,low,included,low_included,
Gatsibo,-1.741805,30.307291,338,0,low,included,low_included,
Rusizi,-2.465965,28.915375,339,1,low,included,low_included,
Kamonyi,-1.922866,29.925642,340,0,low,included,low_included,
Kamonyi,-1.985109,29.947974,341,0,low,included,low_included,
Musanze,-1.489177,29.619623,342,0,low,not included,low_not included,
Nyaruguru,-2.681882,29.606897,343,0,high,included,high_included,
Rwamagana,-1.997014,30.26395,344,0,low,included,low_included,
Nyabihu,-1.627995,29.439471,345,1,low,included,low_included,
Gakenke,-1.748714,29.822717,346,0,low,included,low_included,
Nyamagabe,-2.382102,29.357266,347,0,low,included,low_included,
Rusizi,-2.626011,28.968827,348,0,low,not included,low_not included,
Ngoma,-2.146431,30.565675,349,0,high,included,high_included,
Burera,-1.475285,29.755141,350,0,low,included,low_included,
Nyabihu,-1.570323,29.454242,351,0,low,included,low_included,
Nyaruguru,-2.642011,29.577283,352,1,low,included,low_included,
Nyanza,-2.301428,29.625637,353,0,low,included,low_included,
Bugesera,-2.152558,30.181841,354,0,high,not included,high_not included,
Nyarugenge,-1.904718,29.999281,355,0,low,included,low_included,
Ngororero,-1.766822,29.642381,356,0,low,included,low_included,
Rusizi,-2.534568,28.942553,357,0,low,included,low_included,
Nyanza,-2.314841,29.821342,358,0,low,included,low_included,
Karongi,-2.053885,29.404749,359,1,low,included,low_included,
Rusizi,-2.544841,29.076873,360,0,low,included,low_included,
Rulindo,-1.763603,29.99902,361,0,low,not included,low_not included,
Nyamagabe,-2.330081,29.397594,362,0,low,included,low_included,
Ngoma,-2.131147,30.3913,363,0,high,included,high_included,
Rwamagana,-1.981412,30.378812,364,0,low,included,low_included,
Muhanga,-1.973425,29.790764,365,0,low,not included,low_not included,
Kamonyi,-2.133142,29.989441,366,0,low,included,low_included,
Nyamasheke,-2.428912,28.98453,367,0,low,included,low_included,
Kicukiro,-1.973933,30.071287,368,1,low,included,low_included,
Rutsiro,-1.903419,29.325332,369,0,low,included,low_included,
Ngoma,-2.236896,30.342676,370,0,high,included,high_included,
Rulindo,-1.714271,30.075624,371,0,low,included,low_included,
Kayonza,-2.020638,30.636063,372,0,high,included,high_included,
Kicukiro,-1.971381,30.110291,373,1,low,included,low_included,
Muhanga,-2.103072,29.694257,374,0,low,included,low_included,
Nyarugenge,-1.988624,30.049848,375,1,low,included,low_included,
Gisagara,-2.746197,29.751906,376,0,low,included,low_included,
Nyabihu,-1.718141,29.540339,377,0,low,included,low_included,
Nyabihu,-1.631059,29.483854,378,0,low,included,low_included,
Gatsibo,-1.724637,30.360737,379,0,high,included,high_included,
Rwamagana,-1.990591,30.348978,380,0,low,included,low_included,
Gasabo,-1.897671,30.198347,381,0,low,included,low_included,
Ruhango,-2.171129,29.62149,382,0,low,included,low_included,
Nyarugenge,-1.987089,30.041822,383,1,low,included,low_included,
Rubavu,-1.687675,29.414625,384,0,low,not included,low_not included,
Ngoma,-2.189899,30.454163,385,0,low,included,low_included,
Nyaruguru,-2.59834,29.528379,386,0,low,included,low_included,
Gatsibo,-1.798236,30.438826,387,0,high,included,high_included,
Gisagara,-2.60554,29.810265,388,0,high,included,high_included,
Huye,-2.604073,29.734085,389,1,low,included,low_included,
Kicukiro,-2.006544,30.092,390,0,low,included,low_included,
Nyabihu,-1.725779,29.556414,391,0,low,included,low_included,
Nyabihu,-1.682402,29.609842,392,0,low,included,low_included,
Huye,-2.468626,29.722964,393,0,high,included,high_included,
Muhanga,-2.060994,29.75681,394,1,low,included,low_included,
Musanze,-1.427044,29.61594,395,1,low,included,low_included,
Bugesera,-2.125431,30.145421,396,0,high,included,high_included,
Nyamagabe,-2.545078,29.438604,397,0,low,included,low_included,
Muhanga,-1.94559,29.743809,398,0,low,included,low_included,
Nyagatare,-1.225347,30.390549,399,1,low,included,low_included,
Kamonyi,-1.91043,29.902324,400,0,low,included,low_included,
Nyarugenge,-1.975923,30.051744,401,0,low,included,low_included,
Nyarugenge,-1.935146,30.059169,402,1,low,included,low_included,
Gakenke,-1.723811,29.843595,403,0,low,included,low_included,
Nyamasheke,-2.307709,29.243601,404,0,low,included,low_included,
Burera,-1.521401,29.935986,405,0,low,included,low_included,
Rusizi,-2.696065,29.004592,406,1,low,included,low_included,
Ngororero,-1.965922,29.532319,407,0,low,included,low_included,
Rusizi,-2.705559,29.03754,408,1,high,included,high_included,
Muhanga,-1.98859,29.758922,409,0,low,included,low_included,
Rulindo,-1.664518,29.961479,410,0,low,included,low_included,
Kicukiro,-1.98651,30.135695,411,1,low,included,low_included,
Rwamagana,-2.052346,30.466146,412,0,low,included,low_included,
Musanze,-1.432324,29.578513,413,0,low,included,low_included,
Ngoma,-2.181872,30.526334,414,0,low,included,low_included,
Kamonyi,-1.889017,29.881096,415,0,low,included,low_included,
Burera,-1.396136,29.724066,416,0,low,included,low_included,
Nyarugenge,-1.95788,30.030743,417,1,low,included,low_included,
Rutsiro,-1.819457,29.281771,418,0,low,included,low_included,
Nyarugenge,-2.068247,29.999843,419,0,low,included,low_included,
Bugesera,-2.115859,30.068332,420,0,low,included,low_included,
Kirehe,-2.089402,30.704336,421,0,low,included,low_included,
Ngororero,-1.948308,29.525165,422,0,low,included,low_included,
Rubavu,-1.670498,29.268644,423,1,low,included,low_included,
Gasabo,-1.939649,30.076508,424,1,low,included,low_included,
Nyanza,-2.384168,29.889408,425,0,high,included,high_included,
Burera,-1.453665,29.699069,426,1,low,included,low_included,
Ngororero,-1.784614,29.559297,427,0,low,included,low_included,
Gisagara,-2.606718,29.835851,428,0,low,included,low_included,
Nyanza,-2.324227,29.850119,429,0,low,included,low_included,
Rutsiro,-1.750888,29.322308,430,0,low,included,low_included,
Gakenke,-1.731716,29.863797,431,0,low,included,low_included,
Nyamagabe,-2.448597,29.443577,432,0,low,included,low_included,
Kayonza,-1.710861,30.463429,433,0,high,included,high_included,
Muhanga,-2.10118,29.786553,434,0,low,included,low_included,
Rulindo,-1.725111,29.967048,435,0,low,included,low_included,
Bugesera,-2.089114,30.147284,436,0,high,included,high_included,
Bugesera,-2.151658,30.112906,437,1,low,included,low_included,
Musanze,-1.495745,29.648305,438,1,low,included,low_included,
Rwamagana,-1.917005,30.403193,439,0,low,included,low_included,
Kamonyi,-2.034653,29.870434,440,0,low,included,low_included,
Rulindo,-1.740069,30.07119,441,0,low,included,low_included,
Rutsiro,-2.001943,29.407556,442,0,low,included,low_included,
Kicukiro,-1.992601,30.105584,443,1,low,included,low_included,
Nyabihu,-1.596788,29.47309,444,0,low,included,low_included,
Gakenke,-1.782425,29.858311,445,0,low,included,low_included,
Ruhango,-2.24785,29.671225,446,0,low,included,low_included,
Musanze,-1.451526,29.612592,447,1,low,included,low_included,
Rulindo,-1.778291,29.930059,448,0,low,included,low_included,
Ngororero,-1.755503,29.613466,449,0,low,included,low_included,
Rubavu,-1.53256,29.382156,450,0,low,included,low_included,
Nyamasheke,-2.503222,29.047231,451,0,low,included,low_included,
Rutsiro,-2.01273,29.358061,452,0,low,included,low_included,
Rulindo,-1.64621,30.07156,453,0,low,included,low_included,
Gatsibo,-1.526641,30.25252,454,1,low,included,low_included,
Nyamasheke,-2.385151,29.089639,455,1,low,included,low_included,
Rulindo,-1.849089,29.966898,456,1,low,included,low_included,
Rulindo,-1.658721,29.979967,457,0,low,not included,low_not included,
Bugesera,-2.258049,30.240162,458,0,low,included,low_included,
Rwamagana,-1.985127,30.317985,459,0,low,included,low_included,
Nyarugenge,-1.966142,30.03479,460,1,low,included,low_included,
Nyarugenge,-1.957715,30.064664,461,1,low,included,low_included,
Gisagara,-2.477022,29.870108,462,0,low,included,low_included,
Karongi,-2.176604,29.447085,463,0,low,included,low_included,
Gasabo,-1.903765,30.0576,464,1,low,included,low_included,
Karongi,-2.151204,29.557585,465,0,low,included,low_included,
Kayonza,-1.939189,30.66162,466,0,high,included,high_included,
Ngoma,-2.192241,30.561856,467,0,low,included,low_included,
Nyamagabe,-2.439285,29.512827,468,0,low,included,low_included,
Rubavu,-1.690191,29.266901,469,1,low,included,low_included,
Nyaruguru,-2.693516,29.551971,470,1,low,included,low_included,
Huye,-2.430184,29.693779,471,0,high,included,high_included,
Kirehe,-2.205748,30.70249,472,0,high,included,high_included,
Nyanza,-2.426676,29.856073,473,0,high,included,high_included,
Kamonyi,-2.044703,29.841808,474,1,low,included,low_included,
Musanze,-1.554683,29.501642,475,0,low,included,low_included,
Burera,-1.50907,29.805346,476,0,low,included,low_included,
Gasabo,-1.960006,30.170248,477,1,low,included,low_included,
Bugesera,-2.192181,30.198568,478,0,low,included,low_included,
Gisagara,-2.483764,29.853198,479,1,low,included,low_included,
Musanze,-1.482267,29.573443,480,0,low,not included,low_not included,
Kicukiro,-1.964018,30.136634,481,1,low,included,low_included,
Gatsibo,-1.771318,30.4379,482,0,low,included,low_included,
Gatsibo,-1.636981,30.278334,483,0,low,included,low_included,
Gatsibo,-1.554209,30.37773,484,0,low,not included,low_not included,
Kirehe,-2.301273,30.728073,485,0,low,included,low_included,
Bugesera,-2.29074,30.262827,486,0,high,included,high_included,
Karongi,-2.074279,29.45777,487,0,low,not included,low_not included,
Nyamagabe,-2.367477,29.5135,488,0,high,included,high_included,
Ngoma,-2.157058,30.54374,489,1,low,included,low_included,
Rwamagana,-1.942259,30.462935,490,0,low,included,low_included,
Gicumbi,-1.466784,30.06687,491,0,low,included,low_included,
Muhanga,-2.027433,29.655087,492,0,low,included,low_included,
